{
  "test_text": "\n    In the context of artificial intelligence and cognitive architectures, \n    the concept of attention mechanisms plays a crucial role in determining \n    which information should be prioritized during processing. Memory systems \n    in AI agents need to dynamically adjust their level of detail based on \n    the current cognitive focus, similar to how human attention works.\n    ",
  "concept_nodes": [
    "Artificial Intelligence",
    "Cognitive Architecture",
    "Attention Mechanisms",
    "Memory Systems",
    "Information Processing",
    "AI Agents",
    "Human Cognition"
  ],
  "token_heatmaps": {
    "mean_last_layer": {
      "token_0_<|begin_of_text|>": 1.0,
      "token_1_Ċ": 0.014434814453125,
      "token_2_ĠĠĠ": 0.00792694091796875,
      "token_3_ĠIn": 0.005931854248046875,
      "token_4_Ġthe": 0.0050048828125,
      "token_5_Ġcontext": 0.005306243896484375,
      "token_6_Ġof": 0.005229949951171875,
      "token_7_Ġartificial": 0.006626129150390625,
      "token_8_Ġintelligence": 0.00806427001953125,
      "token_9_Ġand": 0.00601959228515625,
      "token_10_Ġcognitive": 0.005245208740234375,
      "token_11_Ġarchitectures": 0.0066680908203125,
      "token_12_,": 0.0121307373046875,
      "token_13_ĠĊ": 0.00870513916015625,
      "token_14_ĠĠĠ": 0.007476806640625,
      "token_15_Ġthe": 0.006175994873046875,
      "token_16_Ġconcept": 0.0063629150390625,
      "token_17_Ġof": 0.00620269775390625,
      "token_18_Ġattention": 0.01296234130859375,
      "token_19_Ġmechanisms": 0.006732940673828125,
      "token_20_Ġplays": 0.007587432861328125,
      "token_21_Ġa": 0.00514984130859375,
      "token_22_Ġcrucial": 0.004184722900390625,
      "token_23_Ġrole": 0.0049591064453125,
      "token_24_Ġin": 0.00799560546875,
      "token_25_Ġdetermining": 0.0091552734375,
      "token_26_ĠĊ": 0.005985260009765625,
      "token_27_ĠĠĠ": 0.0044708251953125,
      "token_28_Ġwhich": 0.00815582275390625,
      "token_29_Ġinformation": 0.0058746337890625,
      "token_30_Ġshould": 0.00569915771484375,
      "token_31_Ġbe": 0.005886077880859375,
      "token_32_Ġpriorit": 0.004032135009765625,
      "token_33_ized": 0.005451202392578125,
      "token_34_Ġduring": 0.00601959228515625,
      "token_35_Ġprocessing": 0.005706787109375,
      "token_36_.": 0.009185791015625,
      "token_37_ĠMemory": 0.0072784423828125,
      "token_38_Ġsystems": 0.0089569091796875,
      "token_39_ĠĊ": 0.00475311279296875,
      "token_40_ĠĠĠ": 0.005859375,
      "token_41_Ġin": 0.004955291748046875,
      "token_42_ĠAI": 0.004047393798828125,
      "token_43_Ġagents": 0.0038661956787109375,
      "token_44_Ġneed": 0.00490570068359375,
      "token_45_Ġto": 0.005420684814453125,
      "token_46_Ġdynamically": 0.00542449951171875,
      "token_47_Ġadjust": 0.006687164306640625,
      "token_48_Ġtheir": 0.006320953369140625,
      "token_49_Ġlevel": 0.0052337646484375,
      "token_50_Ġof": 0.00431060791015625,
      "token_51_Ġdetail": 0.005184173583984375,
      "token_52_Ġbased": 0.0069580078125,
      "token_53_Ġon": 0.00881195068359375,
      "token_54_ĠĊ": 0.0038166046142578125,
      "token_55_ĠĠĠ": 0.004108428955078125,
      "token_56_Ġthe": 0.005218505859375,
      "token_57_Ġcurrent": 0.006011962890625,
      "token_58_Ġcognitive": 0.0037326812744140625,
      "token_59_Ġfocus": 0.00516510009765625,
      "token_60_,": 0.004077911376953125,
      "token_61_Ġsimilar": 0.00426483154296875,
      "token_62_Ġto": 0.0045623779296875,
      "token_63_Ġhow": 0.00447845458984375,
      "token_64_Ġhuman": 0.003643035888671875,
      "token_65_Ġattention": 0.004123687744140625,
      "token_66_Ġworks": 0.0029926300048828125,
      "token_67_.Ċ": 0.00763702392578125,
      "token_68_ĠĠĠĠ": 0.003940582275390625
    },
    "max_across_layers": {
      "token_0_<|begin_of_text|>": 1.0,
      "token_1_Ċ": 0.0171966552734375,
      "token_2_ĠĠĠ": 0.0156707763671875,
      "token_3_ĠIn": 0.0145111083984375,
      "token_4_Ġthe": 0.00768280029296875,
      "token_5_Ġcontext": 0.00960540771484375,
      "token_6_Ġof": 0.0081787109375,
      "token_7_Ġartificial": 0.008544921875,
      "token_8_Ġintelligence": 0.019317626953125,
      "token_9_Ġand": 0.00814056396484375,
      "token_10_Ġcognitive": 0.01474761962890625,
      "token_11_Ġarchitectures": 0.0225067138671875,
      "token_12_,": 0.019439697265625,
      "token_13_ĠĊ": 0.0221099853515625,
      "token_14_ĠĠĠ": 0.0114898681640625,
      "token_15_Ġthe": 0.00873565673828125,
      "token_16_Ġconcept": 0.00856781005859375,
      "token_17_Ġof": 0.007556915283203125,
      "token_18_Ġattention": 0.044342041015625,
      "token_19_Ġmechanisms": 0.0161895751953125,
      "token_20_Ġplays": 0.01947021484375,
      "token_21_Ġa": 0.006275177001953125,
      "token_22_Ġcrucial": 0.00533294677734375,
      "token_23_Ġrole": 0.0066375732421875,
      "token_24_Ġin": 0.0094146728515625,
      "token_25_Ġdetermining": 0.007549285888671875,
      "token_26_ĠĊ": 0.00965118408203125,
      "token_27_ĠĠĠ": 0.0102081298828125,
      "token_28_Ġwhich": 0.00878143310546875,
      "token_29_Ġinformation": 0.00937652587890625,
      "token_30_Ġshould": 0.005619049072265625,
      "token_31_Ġbe": 0.0073699951171875,
      "token_32_Ġpriorit": 0.0073089599609375,
      "token_33_ized": 0.00556182861328125,
      "token_34_Ġduring": 0.00566864013671875,
      "token_35_Ġprocessing": 0.009124755859375,
      "token_36_.": 0.01336669921875,
      "token_37_ĠMemory": 0.0186614990234375,
      "token_38_Ġsystems": 0.01531219482421875,
      "token_39_ĠĊ": 0.0078887939453125,
      "token_40_ĠĠĠ": 0.008544921875,
      "token_41_Ġin": 0.007228851318359375,
      "token_42_ĠAI": 0.00814056396484375,
      "token_43_Ġagents": 0.00926971435546875,
      "token_44_Ġneed": 0.011199951171875,
      "token_45_Ġto": 0.005496978759765625,
      "token_46_Ġdynamically": 0.00814056396484375,
      "token_47_Ġadjust": 0.007366180419921875,
      "token_48_Ġtheir": 0.00690460205078125,
      "token_49_Ġlevel": 0.004276275634765625,
      "token_50_Ġof": 0.005146026611328125,
      "token_51_Ġdetail": 0.0115203857421875,
      "token_52_Ġbased": 0.00786590576171875,
      "token_53_Ġon": 0.00705718994140625,
      "token_54_ĠĊ": 0.006114959716796875,
      "token_55_ĠĠĠ": 0.00616455078125,
      "token_56_Ġthe": 0.004184722900390625,
      "token_57_Ġcurrent": 0.004817962646484375,
      "token_58_Ġcognitive": 0.0045623779296875,
      "token_59_Ġfocus": 0.004657745361328125,
      "token_60_,": 0.007717132568359375,
      "token_61_Ġsimilar": 0.0043182373046875,
      "token_62_Ġto": 0.0036563873291015625,
      "token_63_Ġhow": 0.0038547515869140625,
      "token_64_Ġhuman": 0.003810882568359375,
      "token_65_Ġattention": 0.0037822723388671875,
      "token_66_Ġworks": 0.0023975372314453125,
      "token_67_.Ċ": 0.0061187744140625,
      "token_68_ĠĠĠĠ": 0.0031566619873046875
    },
    "weighted_layers": {
      "token_0_<|begin_of_text|>": 1.0,
      "token_1_Ċ": 0.011652329489681349,
      "token_2_ĠĠĠ": 0.009415241363219883,
      "token_3_ĠIn": 0.006781662257489825,
      "token_4_Ġthe": 0.004201466167028942,
      "token_5_Ġcontext": 0.005945429615355961,
      "token_6_Ġof": 0.004466259810364005,
      "token_7_Ġartificial": 0.0052131548493538505,
      "token_8_Ġintelligence": 0.010804680423450895,
      "token_9_Ġand": 0.00490203431691307,
      "token_10_Ġcognitive": 0.00622692156593963,
      "token_11_Ġarchitectures": 0.010225184574372834,
      "token_12_,": 0.009546964227829835,
      "token_13_ĠĊ": 0.010833706528544408,
      "token_14_ĠĠĠ": 0.0050640546147024245,
      "token_15_Ġthe": 0.004191068337121653,
      "token_16_Ġconcept": 0.004968046368408945,
      "token_17_Ġof": 0.003623537778683285,