{
  "story_test": {
    "context": "我是小红帽，今天要去看望生病的奶奶。我正在森林里的小屋中准备礼物。突然，我听到了敲门声。我心想这么晚了会是谁呢？我",
    "context_tokens": [
      "æĪĳæĺ¯",
      "å°ı",
      "çº¢",
      "å¸½",
      "ï¼Į",
      "ä»Ĭå¤©",
      "è¦ģ",
      "åİ»çľĭ",
      "æľĽ",
      "çĶŁçĹħ",
      "çļĦ",
      "å¥¶å¥¶",
      "ãĢĤ",
      "æĪĳ",
      "æŃ£åľ¨",
      "æ£®æŀĹ",
      "éĩĮçļĦ",
      "å°ı",
      "å±ĭ",
      "ä¸Ń",
      "åĩĨå¤ĩ",
      "ç¤¼çī©",
      "ãĢĤ",
      "çªģçĦ¶",
      "ï¼Į",
      "æĪĳ",
      "åĲ¬",
      "åĪ°äºĨ",
      "æķ²",
      "éĹ¨",
      "å£°",
      "ãĢĤ",
      "æĪĳ",
      "å¿ĥæĥ³",
      "è¿Ļä¹Ī",
      "æĻļ",
      "äºĨ",
      "ä¼ļ",
      "æĺ¯è°ģ",
      "åĳ¢",
      "ï¼Ł",
      "æĪĳ"
    ],
    "context_length": 42,
    "generated_tokens": [
      "æīĵå¼Ģ",
      "éĹ¨",
      "ï¼Į",
      "åıĳçİ°",
      "æĺ¯",
      "çĭ¼",
      "ãĢĤ",
      "çĭ¼",
      "è¯´",
      "ï¼ļâĢľ",
      "å°ı",
      "çº¢"
    ],
    "generation_steps": [
      {
        "step": 0,
        "generated_token": "æīĵå¼Ģ",
        "raw_attention": [
          0.00464630126953125,
          0.0038280487060546875,
          0.0027103424072265625,
          0.001514434814453125,
          0.0115203857421875,
          0.006145477294921875,
          0.003173828125,
          0.004291534423828125,
          0.003726959228515625,
          0.0084991455078125,
          0.01479339599609375,
          0.01087188720703125,
          0.01459503173828125,
          0.01384735107421875,
          0.0060577392578125,
          0.003925323486328125,
          0.0076904296875,
          0.005229949951171875,
          0.0027828216552734375,
          0.00803375244140625,
          0.003658294677734375,
          0.006603240966796875,
          0.0237579345703125,
          0.00972747802734375,
          0.0258636474609375,
          0.020111083984375,
          0.00969696044921875,
          0.01039886474609375,
          0.003448486328125,
          0.003520965576171875,
          0.004100799560546875,
          0.038482666015625,
          0.0288543701171875,
          0.025299072265625,
          0.0163116455078125,
          0.01184844970703125,
          0.04058837890625,
          0.0170440673828125,
          0.0380859375,
          0.0675048828125,
          0.1639404296875,
          0.293212890625
        ],
        "clean_attention": [
          0.0038471221923828125,
          0.00272369384765625,
          0.001522064208984375,
          0.01157379150390625,
          0.006175994873046875,
          0.0031890869140625,
          0.004314422607421875,
          0.00374603271484375,
          0.00853729248046875,
          0.01486968994140625,
          0.01092529296875,
          0.0146636962890625,
          0.013916015625,
          0.0060882568359375,
          0.00394439697265625,
          0.00772857666015625,
          0.00525665283203125,
          0.002796173095703125,
          0.0080718994140625,
          0.0036754608154296875,
          0.006633758544921875,
          0.0238800048828125,
          0.00977325439453125,
          0.0259857177734375,
          0.02020263671875,
          0.00974273681640625,
          0.0104522705078125,
          0.0034656524658203125,
          0.0035381317138671875,
          0.004119873046875,
          0.038665771484375,
          0.02899169921875,
          0.025421142578125,
          0.016387939453125,
          0.01190948486328125,
          0.040802001953125,
          0.017120361328125,
          0.03826904296875,
          0.06781005859375,
          0.164794921875,
          0.294677734375
        ],
        "top3_related_tokens": [
          [
            "æĪĳ",
            